{"cameraMode":{"drawMode":0,"name":"Shaded","section":"Shading Mode"},"sceneLighting":false,"audioPlay":false,"sceneViewState":{"showFog":false,"showMaterialUpdate":false,"showSkybox":false,"showFlares":false,"showImageEffects":false,"showParticleSystems":false},"in2DMode":false,"pivot":{"x":0.1499999761581421,"y":1.0,"z":-35.72999954223633},"rotation":{"x":0.7071060538291931,"y":-0.0010606598807498813,"z":0.0010606598807498813,"w":0.7071060538291931},"size":7.592694282531738,"orthographic":true}